<?xml version="1.0" encoding="UTF-8" standalone="yes"?>
<addon id="repository.myrepo" name="Test Repo By Me" version="0.0.1" provider-name="gigop bost">
	<extension point="xbmc.addon.repository" name="Test Repo By Me">
		<dir>
			<info compressed="false">https://raw.githubusercontent.com/totalrevolution/python-koding/master/zips/addons.xml</info>
			<checksum>https://raw.githubusercontent.com/totalrevolution/python-koding/master/zips/addons.xml.md5</checksum>
			<datadir zip="true">https://raw.githubusercontent.com/totalrevolution/python-koding/master/zips/</datadir>
		</dir>
		<info compressed="false">https://raw.githubusercontent.com/gigoplast/repository.myrepo/master/zips/addons.xml</info>
		<checksum>https://raw.githubusercontent.com/gigoplast/repository.myrepo/master/zips/addons.xml.md5</checksum>
		<datadir zip="true">https://raw.githubusercontent.com/gigoplast/repository.myrepo/master/zips/</datadir>
	</extension>
	<extension point="xbmc.addon.metadata">
		<summary lang="en">Quick Test For Video addons in this repository</summary>
		<description lang="en">Just for Testing Purpess</description>
		<genre>adult,anime,movies,dutch,french,uk,usa</genre>
	</extension>
</addon>
